Gene,log2FC,p-value,adj_p-value
CDT1,1.9903463822500351,1.0544436743556989e-05,0.0006117511405231771
CDC25B,1.8191395812445563,0.0008742672414596027,0.00907707748532148
GJB3,1.7319464073697286,0.0002151221951534635,0.0034004120638105105
RAC1,1.2517194432972036,0.0015323934645511139,0.013495031352956807
POLD1,1.1743215416720143,0.001346576143326334,0.012295577351573465
ACTR5,1.1893428252651497,0.00042256929669507316,0.0053628716391866315
EZH2,1.371683930350811,3.5622847376438837e-06,0.00035746445579896513
NUP160,1.1082663203126983,0.0016804945665300547,0.014402875103888674
CSTF2,1.0847029771268455,0.0031246257748168407,0.02287742334197983
GZMB,1.4216931432300128,0.0017744841743863786,0.014989377413455952
PFKFB4,1.4428959367044494,0.002298988887151659,0.01819716915999578
TEX10,1.0054727152021274,0.001697785137117252,0.014492250010364643
CCL24,1.2950195039663985,0.0009708020305421745,0.009707100985317066
NEK2,1.2392026029347225,0.001306957336070305,0.012042026624403446
DHCR7,1.9385230761979158,0.00017774304401824509,0.0030267413659886663
CASK,1.1787172762701597,0.0014435270279608862,0.012950044085164824
SLC7A11,1.2248876509104492,9.038630196163664e-05,0.001934007129220401
TAF1A,1.1286690067379221,0.000794963405185183,0.008487379772851716
PLAU,1.6411468153602027,0.003068936393855833,0.02259755884429828
RUVBL1,1.2142749490049038,2.4172785362820284e-05,0.0009037729890932767
WDR4,1.6609212599443233,0.0007975583982837072,0.008505395754221035
CCL20,2.3504931172516343,4.141540567809589e-05,0.0011706446619321371
EREG,2.0749698372168326,0.0035723815486571734,0.0251639604885064
PODXL2,2.1525318664469153,0.0009769118913146232,0.009722321998396285
SEC23B,1.1331455091281994,0.0025452949660771285,0.01971809944740161
TRIM29,2.1871884442207583,0.0004626978484816692,0.005754566056676025
AHCY,2.177928052592904,2.1199114906165225e-05,0.0008373157825393541
XPO4,1.1683439228065808,0.003992105125517315,0.027443123711157116
ADNP,1.0257467764389128,0.00039413345757218946,0.005100067620716604
RAD54L,2.2929223250535924,1.0553968199907286e-06,0.00020636916707929823
RFC3,1.5685586356149552,0.00018421216631526246,0.003107182530547694
DPM1,1.054978970020889,0.0007626850999870131,0.008242775814496285
RFC5,1.3757968278075947,0.0009943231346817734,0.009858270402915347
MFAP2,1.759268403294741,0.004000444404977935,0.02747331884426545
EXOSC5,1.8317361844031568,1.8320576357799944e-05,0.0007944784103043059
UCHL3,1.1902161548879842,0.00021779717335782589,0.0034273030603357434
LACTB2,1.1040246247400742,0.000880395136983301,0.009107105919031851
PAQR4,1.9305983337531725,3.705524772252345e-05,0.0011214903040218838
GAD1,1.7039737498986818,0.00037817280882357243,0.004966575483044903
SHMT2,1.740433826236112,0.0006807711931969638,0.007647088328688022
DDIT4,1.6396545164946206,0.00103393499897418,0.01017457563296213
TFDP1,1.6250208798809207,0.0008806094462857771,0.009107105919031851
CSF2,1.0835041623215196,0.0008308782140775461,0.008764478583860948
PTK7,1.244283841736766,0.0014167153059313556,0.012752853295250796
WNT11,2.1089995204717398,0.0030046602429929983,0.022217232146892904
RANGAP1,1.2928974254275714,0.002662014409346978,0.020368268223401986
ASPHD1,1.1145563523010655,0.0007195284963005893,0.007922316363334642
C1GALT1,1.0343868929483788,0.002879593873558338,0.021594908885584158
PUS1,1.7743376628541634,9.610674487643815e-05,0.0020255311759487236
GPX2,1.3876106814708522,0.0007274372659192601,0.00798441797384768
AP1S1,1.618498187629655,0.00046111302209756583,0.005748397166857377
LFNG,1.490948240683423,0.0029502959266755374,0.02193815118997676
MCM7,1.659242125920745,8.692568963864168e-05,0.0018924708389575619
KIAA0101,1.374919208729033,0.0014022223042262148,0.012654756675491112
CDC20,2.164438043025719,2.4834556543861042e-05,0.0009136866987687413
TGFBI,1.2994072659993456,0.0024212480820445122,0.01893774703578371
EPHA1,1.5733303670533063,9.727912219510354e-05,0.0020398421886371892
TCF3,1.2402554375587849,0.0002566805877430942,0.0038335082404233833
CENPF,2.324817845073581,5.880417745807823e-06,0.00046336814162675224
CHEK1,2.2164113794031164,6.958502952502022e-06,0.0005014939558402619
ELK4.1,1.0874498381116284,1.0347009639592351e-05,0.0006036136728422964
SKP2,1.372810900594983,0.0009314501734379607,0.009456906135895603
CADPS,1.409332599197066,0.0005143299395946502,0.006213741226750471
BCL11B,1.1468460725853422,0.0006863831648783616,0.0076855989797991724
ITGA2,2.168429866421799,9.117374806849412e-07,0.0002014072739492583
CSE1L,1.762221092402187,6.921848023130638e-05,0.0016461214701855046
IFRD2,1.120707723969602,0.00019793801255564474,0.0032453842772904545
CDKN3,1.5626295810406816,4.956260354185269e-06,0.00041207207149482095
DACH1,1.459602023554012,8.465001989818626e-05,0.0018699153977090978
HYAL3,1.0116190945350552,0.005382954500150378,0.03421951629565794
SLC25A15,1.828829192729742,2.371142733003996e-05,0.0008982978992046652
FOXA2,2.3325164863862735,0.00016982227717439084,0.0029252095019321254
PDCD5,1.103757073934757,0.0018876514766134381,0.015694261371308103
AKR1C4,1.7647501392761686,0.005253175211169649,0.03367837101077129
LRRC8E,1.5289755572331472,4.404713721399222e-06,0.0003835531944420303
MIPEP,1.0750841084110632,0.0005714621302121909,0.006697079503785264
PPP1R13L,1.0037218151014966,0.0030891813645787156,0.022689288180759246
ILF3,1.139071671035606,0.0006901035080340069,0.0077027515236057905
GTF2IRD1,1.5684123380963735,0.0003021821427267992,0.004271407289226603
RAD54B,1.117358719320696,0.002410715426140489,0.018897360196449463
ARID3A,2.182711149894986,0.0007004791244859198,0.0077774543380092825
RAD51AP1,1.8734439050116856,3.6118812047508444e-06,0.00035746445579896513
DPEP1,3.476458140152931,6.858196993024195e-07,0.00018685698818674513
CPNE1,1.5350006295662117,0.002244217473382724,0.017884296076564665
F12,1.6360398752052319,0.00011253850708794191,0.0022482105894208308
PSRC1,1.471117882049093,1.6488788199105483e-05,0.0007656084104038916
COL10A1,3.5949732497406317,7.642247312506486e-05,0.0017391053744128446
WDR62,1.2385243714844718,4.136647819001586e-05,0.0011706446619321371
DDN,1.251045174100044,0.00027052502844256474,0.003978375731650476
SLC6A6,1.4777924781110678,8.53364457523671e-06,0.0005424959313733869
PBK,1.714922160783854,0.0001012296485748588,0.0020800351927112667
HSP90AB1,1.0279451833860882,0.006876507623561629,0.04102205875547302
EXO1,2.2258744423004115,5.080337554661602e-07,0.00016255540678688441
FAM57A,1.3025442069351874,0.0013915716555968438,0.012580141362540303
NUP205,1.0209696387578397,0.003858237940033205,0.02666173717854098
ATIC,1.2666630016178473,0.001390020776016659,0.012580141362540303
ATP11A,1.5720253601109824,0.0022665831204673782,0.01802172527787278
CHAF1B,1.7844676457869677,8.819435525837886e-06,0.0005510320693332677
PPAT,1.9557316452736297,3.6223787073102823e-06,0.00035746445579896513
CKAP2,2.045909453437105,1.9198585544420528e-06,0.0002598946984147902
TM9SF4,1.4293814866712407,0.002889731369227586,0.021640193991258213
MTHFD2,1.3844456922815316,0.00011402436096237366,0.0022504359390686044
LRP4,1.1838022971303028,0.00517431757226108,0.033348887275976916
NIT2,1.1816714114932705,0.0003070792909863069,0.004317510297635705
TMPRSS3,2.1459869197716976,2.512959771363724e-06,0.0002948260247314396
NEBL,1.4477870748376658,0.003622837081472721,0.02538389963057098
SRPX2,1.9149178017438537,0.0009566381271550236,0.009629305991067583
VSNL1,2.907512132183154,1.6278462912668314e-07,0.00010902937886291885
IMPDH1,1.3056154664111292,0.00025334138856454965,0.003805166033930412
BZW2,1.269264865186026,0.0006995169170868165,0.007774946450020732
SS18L1,1.1771043487391117,0.007122337643503418,0.04206082951775872
TNFRSF11B,1.7673420997952796,3.4050723908866887e-06,0.00035190626410389145
ABCE1,1.3680082408388212,0.0005202004539528011,0.006270315745762131
TH,1.0573335887989217,0.008015497835105748,0.04607274994059967
PRR7,1.9848987118530033,2.4750760374787494e-07,0.00011350123630880642
GALNT6,1.0429774968212189,0.00037956839504353407,0.004972534346482228
LRP8,2.981103911928873,8.070364256875275e-07,0.00019817436322871167
BRCA2,1.2332115959661474,1.2422746327949602e-07,0.00010902937886291885
FGB,1.7947042626131315,0.0005988487279114653,0.006956263716190497
LSM7,1.0510251266851374,0.0015661081386011168,0.01374608132625868
SNRPF,1.359269228709135,0.0004787527885019932,0.005912456951804147
LEF1,1.6673078159026,0.0007842221144120264,0.008416652590345483
GART,1.6460395383745545,0.0002722816798302794,0.003992215434322678
MPP6,1.5791022131892853,7.085702369048255e-05,0.0016663236373002344
PAXIP1,1.0192672966970222,0.0007490166495995787,0.008170652348130669
LAPTM4B,1.5037515818724545,0.005015038815494936,0.03264722247398954
CYP39A1,1.08885271400184,0.000543355337196048,0.0064681950456066195
MMP12,1.9187269718379627,1.5893189696288004e-05,0.0007559287837977704
AURKA,2.4905536270777335,1.1812170694069019e-05,0.000647745956660841
MCM2,2.03773495542595,1.8664182300816926e-06,0.0002593093433083236
SLC5A1,1.5726882294727638,0.0013564973130570342,0.012368959523807621
GGH,1.887244647230387,1.1342142511261151e-05,0.0006404368062909438
CXCL2,1.143007466374137,0.008785752005155177,0.04922123968415332
IER3,1.1352283497643259,0.006743963012143088,0.040436970724144726
BYSL,1.5588577756819222,5.816417542656379e-05,0.0014671911718908274
TOMM40,1.5068712313445374,0.001631020455722559,0.01415114625470378
SLC6A4,1.3985069506057703,0.007008854311722599,0.04153001833753026
SLC7A1,1.359616723191888,0.004777561926108116,0.03148956078512834
FXYD5,1.605453026152358,0.003632018501804755,0.025414501895663622
CDCA4,1.3253576908723976,0.0007696339940967722,0.00830088390568725
AURKB,1.9017048923060609,1.187989426966032e-05,0.000647745956660841
PNPO,1.370942030224913,0.0017569952758500636,0.014865475254567965
MMP7,5.703873392526855,0.00011401030868623864,0.0022504359390686044
TGDS,1.4099487652131149,0.00016551996640522436,0.0028651234840537114
KIF2C,1.9467126957501044,9.90838659148069e-07,0.0002014072739492583
TOP2A,2.231640616891426,3.094979567159212e-07,0.00012163116415853304
PYCRL,1.2033206755046515,6.940130604226176e-05,0.0016467604280904313
PDCD2,1.1194690152663014,0.0005562704594969513,0.006588833967843323
RFWD3,1.32505796489241,0.0008778143501619112,0.009096017392894623
SLCO1B3,3.5218594364774423,0.008295853508889934,0.04719607607778492
PHLDA1,2.0565669437833374,0.00011223025979472728,0.0022482105894208308
TBC1D4,1.0514595440594894,0.00028336103836940063,0.004105417674999835
KLK10,1.9644121048040213,3.528076132718065e-05,0.0010924620494243416
TRIM29.1,1.4655142957136214,0.0054327444580839586,0.03445306230204716
ZBED2,1.1058794779317043,0.004685681318264495,0.030961269736892866
ZNF195,1.0208891602755454,0.0007862321821770463,0.008422976148303661
IL13RA2,1.9734100593356723,4.004748875064255e-05,0.0011647358488666186
UTP14A,1.525697976553458,0.0008657793756252358,0.00903336405852457
PTDSS1,1.0143231823077867,0.003463945685247241,0.02463017002728998
CDK4,1.4472347242520698,0.0002984075001528781,0.004235060207142796
TNFRSF12A,1.070989247490121,0.0025381082566223734,0.019676861293447607
LIPG,2.0411942168842767,0.00014576899012615427,0.0026597256774858143
SCD,2.3313176834775593,0.0001460972528593401,0.0026597256774858143
PMAIP1,1.53451956442864,4.652892066322138e-06,0.00039303909862636367
CNTNAP2,2.3396131889612097,0.004416461919046408,0.029589734392900396
CELSR3,2.248308058932399,0.0003010329736606307,0.004260867518609383
RHBDF2,1.428745788386238,0.00180018216095728,0.015145915089679617
STC2,2.21338967378943,0.0012222992379108861,0.011452044656929736
NSDHL,1.2926180773593179,0.0011079619248041037,0.010674242667889172
LCN2,1.5758618530479853,0.0011611527216774345,0.011035653994772306
ITGB3BP,1.048635828937607,0.0015761736200985458,0.013822937919120053
PSAT1,2.593440704100045,5.099701141856452e-05,0.001347579245776167
RPN2,1.0480230933615908,0.001434301438099796,0.012878221840897744
WNT2,1.055248213881548,0.0017289905950281968,0.014722912655566718
PRIM1,1.122988692815834,7.751307239068665e-05,0.0017525921442682235
ANXA3,1.2286812398339937,0.0004320839079499735,0.00547047240293018
C4BPB,1.4974790731790637,0.0015362238688970318,0.013517489859736467
KRT18,1.2256509907556759,0.0007888532622823513,0.00843921134391018
GCHFR,1.0640552765083469,0.003170087833554198,0.023037135192359795
IL20RA,1.3998515009042367,3.239243929459658e-05,0.0010302161641917028
DIAPH3,1.1765770026433209,5.184681849267722e-05,0.001351729769047355
RPP25,1.4641555376580218,0.0004686895973364574,0.00581538596742145
SLC39A8,1.3429198656560442,0.007615001588673586,0.0442555111028906
ASF1B,2.2129919003399743,1.1901005359617686e-05,0.000647745956660841
KIF20A,1.9086694378092515,1.328246237580048e-06,0.0002262089035904472
RBM41,1.0164467255884324,0.0005568987858495344,0.006588833967843323
KLK11,3.1875675469699662,0.0005138702430099303,0.006213741226750471
XRCC3,1.4273963933163654,0.00022765067139039587,0.003534946234134103
VARS,1.3372886445657015,0.004453361066474632,0.029780265675051067
SLC19A1,1.2605500539998267,0.0009036101637881146,0.009263320115959905
TNFRSF10B,1.0316951607986415,0.005335455394737375,0.03408171416396367
TRAP1,1.3579858165744474,3.739240259195798e-05,0.0011243655588738417
TROAP,2.127405111008748,2.9674896454587446e-06,0.0003208459625466572
SIM2.1,1.8501867650610264,4.101085245862589e-06,0.00036999377706168024
RNF43,2.731764766511206,9.918721702208004e-07,0.0002014072739492583
PIWIL1,2.1892095840314423,0.0019566423071354032,0.016140770407064627
CCT2,1.3794433696729287,0.0019812893275364734,0.016255193480542055
LAMC2.1,1.8272037025694639,0.0012803489325166927,0.011886682689172227
GDPD5,1.777041011429086,0.003493471587177386,0.024773382464073887
HSD17B12,1.0618274444847777,0.004693655657791939,0.03099456541002194
LGR5,1.6015716206476616,3.4522895829174444e-05,0.0010760238707152648
B3GNTL1,1.0887668036481366,3.8858387301037656e-05,0.0011461053394180353
RECQL4,1.510309305342898,2.1986476661478343e-05,0.0008566612806957558
ZNF593,1.0379297571037178,0.005264262783377351,0.033708520757841996
CDH3,4.33230218720206,8.409006171885251e-10,8.879069616893636e-06
NIP7,1.2729484007244416,0.0007576892195812725,0.008214004588869258
FOXD1,1.035984838649222,0.0017985538735575761,0.01514428257647085
MCM7.1,1.0085900726789614,0.006191561882290986,0.0379215208324307
TEAD4,1.5785401939356807,4.061709546474669e-05,0.0011685992125674669
NAT10,1.356948843263689,0.0021165945343407278,0.017191632067772113
SULT2B1,1.1503415394646095,0.006808091571751527,0.040703698774905525
IMPDH2,1.1430659075071012,0.0010084521255449713,0.009970267784297146
SOX9,3.0815917456207176,2.423074602483431e-06,0.0002907414173593472
MCM10,1.8143670975487134,4.363568750300611e-06,0.0003835531944420303
CSE1L.1,1.7803157478854974,4.049176017270663e-05,0.0011681762176601346
KHK.1,1.004330745731025,0.00017916150032552434,0.003037769703333531
LIG1,1.505078803482412,2.5316286709721658e-05,0.0009143667368522397
AGMAT,1.4973552490844113,5.73051977097984e-05,0.0014580375484765332
TASP1,1.0089670584205008,0.00019207400157208237,0.0031689209103119027
NKRF,1.3924964837118887,0.00015738584549871885,0.002769728571034954
SLC1A5,1.5171150470564798,0.00020196169939587247,0.0032766164595206043
LMNB2,2.17967653935824,0.00011077109648957027,0.002232122152353764
PAK6,1.2167390236924311,5.3499079668751804e-05,0.0013777970298106106
PDZK1IP1,1.3314633866792518,0.0004166714648012388,0.005313567629029324
NT5DC2,1.2437155680246474,0.007634581045868916,0.04432401579317197
RUVBL2,1.1360353172643505,0.0015911817734714764,0.013908351279871953
TGIF2,1.5665855702907272,0.001219076708761956,0.011452044656929736
CDCA8,1.7839876299463264,1.914347697772618e-06,0.0002598946984147902
CXCL3,1.5369190378660955,0.0007501072281101781,0.008170652348130669
MRE11A.1,1.0218744366906687,0.00036226074980521135,0.004818237419086171
BLM,1.4063813427809748,4.5768074197954045e-06,0.00039289845159040383
FBXO5,1.2547546697962502,0.00017946846325023213,0.003037769703333531
C2,1.2267046699302873,0.0036201366983919896,0.025381821645631488
TMEM97,2.5745194370042235,9.971817959891965e-05,0.0020645573693823384
CDC25A,2.2899378622744484,3.288400507958048e-05,0.0010415535832739705
GMDS,1.4711946322701486,0.0007423908655510733,0.008116592320080678
WDR3,1.1769979716318495,0.0029588889881618455,0.02197110325316521
RFC3.1,1.2430172938627921,0.008397784502797977,0.047647612340163265
MYB,1.5464497874317196,0.0005640643497957417,0.006639861170003608
ZNF696,1.0262914027238363,0.008157404517572376,0.04670429999334806
CEACAM6,1.1660713001168521,0.00867916642414815,0.04885038287450976
MAP7,1.7354139750065443,0.0007498771284300265,0.008170652348130669
DKK4,1.5378009611086891,7.536558612441904e-05,0.0017299678780168277
CCNB1,1.5469516244682253,6.947015673478743e-06,0.0005014939558402619
AP1S1.1,1.442054904247423,0.0006132512716363392,0.007069126831013215
HSPH1,1.6288031798185505,0.00029255252436057266,0.004185721009110145
PSTPIP2,1.3181096390267546,0.0018721634167173258,0.015594713516484138
MRPL3,1.2250728059724794,0.0001722296790744268,0.0029489099523550494
PMFBP1,1.1345800378479136,0.00014779281792713135,0.002676748481119348
GLCE,1.183494039039042,0.004376200036257432,0.029338600751010937
PLOD3,1.0153119758674891,0.002938005818378249,0.021862158869806858
MARCKSL1,1.860798845531325,2.725469649322175e-05,0.0009430909516877728
MRPS12,1.339866380986665,0.0023267489604331198,0.018389328048812357
RPIA,1.2897632605122928,0.00035014866050647145,0.004721864248132608
MET,1.8128893481395119,4.162316647529862e-05,0.0011706446619321371
IL23A,1.3055743388627883,9.389572771102789e-06,0.000563321016420877
MIF,1.12858202160755,0.0003596183632137358,0.004794457445926561
CENPE,1.6941991578032103,6.6093984242350135e-06,0.0004984902711535537
EGFL6,1.2286685089937623,0.006632024264190596,0.03999288646806882
FOXM1,1.3622166679967591,2.847739840840589e-05,0.0009545804755376439
KIF23,1.0143682132906142,0.003847817968276409,0.026607144680439163
RPA3,1.158541276142123,0.0027511616445125148,0.020913978260912628
PROCR,1.030337475520405,0.0028390330748355556,0.02141239302656331
TNNT1,2.435123240846172,0.004250842793406148,0.02869862471584113
CDKN2A,1.5896161534186444,6.575675949697211e-05,0.001594114788325708
LRP5L,1.15652961404628,0.00476553043377221,0.031449522406375476
FBL,1.2808981327642088,0.00022080003767007867,0.0034590913913328794
CKS1B,1.505563079603443,0.00015577850101669243,0.002755218077445989
CCT6A,1.2369453398416579,5.9512226837324954e-05,0.0014926118840268747
DNASE1,1.206297003283375,0.007141597893799541,0.042127448134429805
TMEM63A,2.0770825766346124,8.643545711389801e-05,0.0018883685837599534
CYP4F11,1.4171472099082913,0.003310804516340793,0.023749174516333175
PTPRO,1.734967202370456,0.0032772485446862405,0.023605608384620246
SLC7A5,2.043417725995278,0.0005056248483474348,0.006143720107825736
ETV4,3.8977804831150915,7.284783672559363e-07,0.00019159549237079818
SLC12A2,1.9294195205356859,5.040361095449435e-06,0.00041579041255352013
TOMM34,2.0697879490442,9.597493020881007e-05,0.0020255311759487236
RANBP1,1.321683970867483,0.00023277793166282497,0.0035986854764681825
MLXIPL,2.1328229847236524,3.706791515329458e-05,0.0011214903040218838
TIMM8A,1.332251782638005,0.0003578306930766423,0.0047827016306281845
OLR1,2.239610259214878,0.004986842406984009,0.03248369461773235
ASCL2,4.40864561540623,5.0951842020657315e-06,0.00041705465108226404
CEL,3.009740594387099,0.0013087344409081865,0.012047081484897037
CBX4,1.4019176046741044,0.0006750931709339952,0.007599476323978738
TACC3,1.5677472198595983,0.00013580401770935897,0.002529020499106034
RFC4,1.3284626825600894,6.680621291038974e-05,0.0016068492075644767
CLDN1,3.9271216846436827,1.4563873605749014e-06,0.00023196211565586916
NFE2L3,3.2891183251286273,2.386632179712184e-07,0.00011350123630880642
EEF1E1,1.6557721581748464,1.4098469107993217e-05,0.0007111039321795278
CDC25C,1.310405244389719,1.9993510418033002e-06,0.0002638893456300131
SLC27A5,1.2802178146079348,0.0007058717858393777,0.007829096834745787
PERP,1.251875562273556,0.004972640920247562,0.032411182393144444
KCNN4,2.0853754209035276,4.006837858111601e-05,0.0011647358488666186
KRT23,3.5643802865619083,0.0007776001518983506,0.008378244901933351
MMP1,4.22374522211829,2.0969011359237365e-05,0.0008329667450653952
NUSAP1,1.8602188312836887,1.750765707710528e-05,0.0007842041243593308
MRPS30,1.0579497669485758,0.001865946952143408,0.015562822960254538
EVPL,1.59180547021506,0.0012261373780225776,0.011467479694012753
ARSE,1.2715975903402001,0.0007353285898324332,0.00805428898344467
FTSJ1,1.0392771522821471,0.0007791560542891266,0.00838645135294484
C1orf112,1.4662342240266961,0.00011770365522949208,0.0022859884142044876
SMC4.1,1.1888509109690784,0.00021314674734930405,0.0033793040619539056
PRC1,1.9637863409495468,2.59784469857033e-06,0.00029815915404569687
FAM64A,1.6203312664020237,3.4327441237523265e-06,0.00035190626410389145
GRM8,2.959509108248504,0.0004981850977271333,0.0060813138114460125
ACSL6,1.2711027543247984,0.00039988545418164764,0.005149256720370753
RNF39,1.5239277544578353,0.00024488290312651317,0.0037336267457256742
FGFR4,1.7713912942395624,1.676142583447216e-05,0.0007656084104038916
SLC29A2,1.8542437012396238,0.0003638421023960463,0.0048245963789436755
TSPAN6,1.0282579972825705,0.0063731711707228295,0.038845670126991756
MELK,1.7551754034013356,3.6990060949202335e-06,0.00035832848950699764
RAB15,1.5737141334939266,1.674625687139161e-05,0.0007656084104038916
CD44,1.008980944707739,0.00485190769628782,0.03178119935800439
KNTC1,1.5538652818273595,0.00015896298441178553,0.0027928288725524845
HMGB3,1.2062554513195585,0.00019336621599997728,0.003180301985582181
BUB1B,1.8178839210876987,9.276124119396805e-07,0.0002014072739492583
DUSP4,1.880842552469467,0.0012191176334305491,0.011452044656929736
OVGP1,1.2537089934476713,0.0006915316304240783,0.007710541167526761
SORD,1.2541158955933769,0.0022125436473517494,0.017725529872827862
MKI67,1.2752941337124033,0.00016054400176770134,0.002801957214322576
NR2C1.1,1.0144127643938048,0.0013871820523899399,0.012580141362540303
TIMELESS,1.6970268360387366,6.796598632179245e-05,0.0016199838590785698
GJB5,1.1647271132050694,0.00216641796662075,0.01747533025939534
DDX21,1.6144756890879133,9.522001026720022e-05,0.0020148859487201746
OSBPL3,1.1232791986768516,2.505985190754941e-05,0.0009143667368522397
BUB1,2.2536813410901027,7.439544641730018e-07,0.00019159549237079818
CSTF3,1.0359439155778971,0.004062677886614778,0.027747616950042332
PLK1,1.0131140621502794,6.640877489712386e-05,0.0016009366532847738
CYP4F3,2.461347108989168,0.0007940419914635894,0.008486122862210567
PLCB4,1.2535866407338736,0.0027099152580329212,0.020645018188722667
CASP2,1.4420587996128318,0.0009061867089920175,0.009280723045826104
TRIM28,1.0218642987924293,0.0019428764157668223,0.0160522942676697
CLNS1A,1.0225080311062338,0.002457317335102076,0.019177245928560842
HPRT1,1.2572402631723356,0.0003048805925968226,0.0043037890069917775
ACSL6.1,2.165047086605806,8.315693673759797e-05,0.0018485349368679935
TAF4,1.1726883568102167,0.003314081372654629,0.023756541217827717
DIO2,2.0628685633233763,0.0002586351367654337,0.0038463780409946674
CDCA3,2.3140377320857732,1.290559085339073e-06,0.0002262089035904472
PRDX4,1.1400163925114466,0.0006502111012163142,0.00739028957776433
IRAK1,1.3450865665096672,0.0023759598333199412,0.018652910057723085
LRRC6,1.2175637102368118,0.0004814336256580905,0.005931689210412809
COL9A3,1.8219604541666354,0.0016519374167707362,0.014262310057616828
NMU,2.671736775384433,0.00018778163759538457,0.0031422920940882178
POLQ,1.9411616485194383,6.858542684040363e-06,0.0005014939558402619
CYP27B1,1.3350507974682169,3.1448928084038116e-05,0.0010076279534032488
CCNE2.1,1.2628597219856146,0.003629144025133081,0.025411227958474933
GRB7,1.2241237200432598,1.8618276667178317e-05,0.0007991478997103083
SLC28A3,1.1830349833088203,0.0003952782354720142,0.005108620426375762
SLC5A6,2.2805646218816213,0.0002844839604211378,0.00410711815086699
EPHB3,2.180586818934488,2.8014366482611158e-05,0.0009497394731045844
BMP7,2.3807545638214007,0.0006308563546250243,0.00721691467874933
CDC7,1.329806220535775,0.0005115775866260752,0.0061946648362210185
MMP10,3.870390725938929,4.432556231552429e-05,0.0012252188808628823
STX16,1.1758482737075202,0.008226665747676117,0.04698412869143312
CPNE7,1.1492677044885753,0.002754193866363165,0.020921966212178893
ESPL1,1.31621367022925,2.2521827601542388e-05,0.0008675036560603569
POLR1D,1.0770838966448795,0.0012511917097151259,0.011650205699190489
GTPBP4,1.3130597629836969,0.00223049734511478,0.017788384793857224
SLC35A2,1.0678209692677272,0.0045386682374173445,0.03021610320268742
SLCO4A1,3.5409949822518203,2.1252072139458936e-05,0.0008373157825393541
CDKN2A.1,2.5948692222660106,0.0018803467530633953,0.01564584819983955
SLC11A2,1.4641182298554671,0.0015801631775504141,0.013834944437607646
DTL,1.956566541195209,1.7596033586280633e-05,0.0007842041243593308
EXOSC4,1.0619216030498921,0.00119176418534577,0.011241932475961924
ETS2,1.1900199622375085,0.00010145071732610117,0.0020800351927112667
SLC6A14,2.356078797171502,0.0029670857614822518,0.02198558495122182
ASCC3,1.0226698082455705,0.006251327880581608,0.03826537454554272
GTF2F2,1.1472750010372446,0.003286917394955954,0.023625977381443102
OCA2,1.2190843156522886,0.0011716628218989473,0.011115532557440237
UNC93A,1.7079904231150762,0.0019070945378298493,0.015830983667409888
POLR1C,1.7434909046790688,0.0001311885306391328,0.0024691973173237135
PLA2G3,1.3620884322621498,0.007705177854714741,0.044629167837593506
TTLL4,1.1884340622838037,0.0003490109424003147,0.004714745817017164
CEP55,2.29802248401826,1.9906580768638184e-06,0.0002638893456300131
PUS7L,1.0555715251797544,0.00018671024863799803,0.0031293230402676528
GRHL2,1.301758030953825,0.000871749189918144,0.009068768173739588
ZNF239,1.3765053779115777,0.0006246366617428717,0.007176864539002156
ODC1,1.2224761139625149,0.0019104660022935204,0.015834074190123455
MMP11,3.2143254506775887,0.0004972955140363943,0.006077480709155426
ACTL6A,1.3200847826449904,0.00024029410259342326,0.003677196274324574
S100A11,1.4059202980260204,2.567972879174359e-05,0.0009184033889123882
TESC,3.5720313763653686,5.541848438607826e-05,0.0014234461855651736
NR0B2,1.739150077877503,1.6673630787555393e-05,0.0007656084104038916
COL7A1,1.8973138093390918,0.0009507428869847498,0.009588246555560625
PCNXL2.1,1.0506446218322048,3.901858547506504e-05,0.001147624635184434
HKDC1,1.8269310280292004,8.784004207994813e-05,0.001904523622838136
CXCL5,3.06468593834064,0.00404529977938602,0.027688612735124383
PROX1,2.0789034478733046,3.642763541915612e-05,0.0011148968185242594
DDX10,1.0957981669944656,0.005724846798405851,0.035732539273659165
E2F8,1.009302285013826,0.002866154665699678,0.021540019299019858
CST1,4.59220529385605,0.002143203098910824,0.017354356994938185
C17orf53,1.601021847718136,0.0005688219848846629,0.0066735459315523955
YTHDF1,1.115289213858388,0.007615069709855332,0.0442555111028906
MYC,1.7815078173457464,1.9862563025901818e-05,0.00081925313668163
CDK5,1.006470629214578,0.006696497096168057,0.04022088329831542
DACH1.1,2.302566796475079,7.2111358719368045e-06,0.0005093878890995361
EXOSC8,1.1131774034470445,0.0014521762336182403,0.012983512998116002
CKS2,1.9030423238913752,2.070902395666988e-06,0.0002657474316471463
DBNDD1,1.5207634594232387,8.742322074330468e-05,0.001899386394708959
NEIL3,1.6273114543145444,4.4927549736210217e-07,0.00015302903150472377
STC1,1.4180645182872986,0.0009071283598574012,0.009281364681913082
TBC1D16,1.26045490695939,0.0028463278326824088,0.021436787150708667
RIPK2,1.3143932612991305,0.0009656534210893456,0.009707100985317066
OIP5,1.2057091801000621,8.355271120119437e-05,0.0018534308352382593
ADRM1,1.103959148700148,0.0033013396080514867,0.02369737928036414
DNMT1,1.5155107560801597,0.0007608084942827626,0.00823091894583165
PITX1,1.0932185239356587,2.689931610105372e-05,0.0009373923389802846
NXT1,1.146086552465595,0.0010652108165684132,0.010414408344579514
DPH2,1.1598399377764872,0.0025539076525322706,0.019755832163434614
GNB1L,1.0012856255961053,0.00270854071053833,0.020645018188722667
PAFAH1B3,1.651281039584261,1.2471685424280391e-06,0.00022320089219487565
ATAD2,2.157585769861294,1.0835636516813179e-05,0.0006252103059072696
BID.1,1.0025976967390775,0.0006301717636136503,0.00721690200867303
GDF15,2.9829890371374437,2.243189432015116e-05,0.0008675036560603569
CKMT2,2.39631300738282,0.0021360690690985533,0.017333564586032815
DSC3,2.364098062171988,0.004125063517535761,0.028046713252839726
CCNF,1.857575340910037,1.2409725601546695e-05,0.0006584637820438771
PKMYT1,1.5999834026264725,1.3125486807542434e-06,0.0002262089035904472
HSPD1,1.5065066152392588,5.249752122459593e-05,0.001359517289016077
MSX2,1.579938098612774,5.561625820447409e-05,0.0014234461855651736
POLR1C.1,1.3569501184462596,0.00025567399265039514,0.003823883411325102
EDAR,2.358348131056473,0.0009769280841271388,0.009722321998396285
RRS1,1.5516846627891276,1.4308200873049208e-05,0.0007111039321795278
PCMTD2,1.2785501003711126,0.0003922720170186793,0.005088452368182107
POLB,1.0571089383765926,0.002700756685469189,0.020619876964475176
SND1,1.1060130822323186,0.005448224540905362,0.03451181359681345
POP1,1.304244204870947,5.0087665788806136e-05,0.0013321805114962317
SPAG5,1.4356791522176453,9.102410177099016e-05,0.0019416636173735051
TNNI3,1.0237076759334338,0.0009440448048787785,0.00954805468842435
TMPO.1,1.4260337529093599,0.00025505433517484063,0.0038200265604413364
CBFB,1.2320794828926906,0.0025026831915281084,0.01947371541587715
PRKDC,1.2508533627202014,0.0016480982837153366,0.014240809965425727
BIK,1.2220790453541803,0.0005961167195058776,0.0069397976199146215
WDR12,1.7285542628775539,2.9969799765857458e-06,0.0003208459625466572
GARS,1.1387954639169697,0.0028867527042476513,0.021633230521043968
MMP13,1.0694332755665537,0.0023449131538006763,0.018491365191173517
MCM4,2.150738260817172,0.0001472338290372,0.002671206186948101
NOC3L,1.1021803768194873,0.000898895832076775,0.009223946638385489
NUP37,1.2783618668676306,0.0012055796718309648,0.011345557713781781
SQLE,1.666744714207272,3.3212933345558575e-05,0.00104373619998736
CHI3L1,1.9684956264940614,0.005448545626090351,0.03451181359681345
IPO4,1.049045550113775,0.0022237940900485392,0.017788384793857224
ESM1,4.110898272848055,1.4433629225883027e-05,0.0007121714532527985
DKK1,1.4981313673012044,0.0040427359627772585,0.027688612735124383
PAICS,2.295600252344737,1.843424666394118e-05,0.0007944784103043059
MTFR1,1.1107580769779593,0.00209401341702399,0.01704756181214827
POLE2,1.2425483665237607,4.7053482298547296e-05,0.0012805095865730952
LRRC36,1.0188289360798446,0.0002849916537488475,0.00410711815086699
SNRPB,1.5182914094751063,0.00026821925926636444,0.003955484858370869
IL24,2.7076992717042367,0.00045127074734014483,0.005672580739481654
CGREF1,1.0078097393147953,0.0003342918301155522,0.004584139524922228
CBX8,1.228908196069951,0.00035391597518757257,0.004748410142319668
SMOX.1,1.4785453527807266,0.004569724512299687,0.030342062442823357
DPY19L4,1.0205602439259611,0.007932783327173558,0.04567189702923969
PSPH,1.2533779963545237,0.004912779133127304,0.032060590152466754
SCML1,1.6568366716029677,0.0002461493080888373,0.003739698624618753
PRSS22,1.3911418851063895,0.00015176709087572914,0.0027161164619607186
NEBL.1,1.8170655796507234,5.1304750146985424e-05,0.001347579245776167
MAD2L1,2.2075623575262826,1.6521167362503095e-07,0.00010902937886291885
TG,1.0313222882769533,1.8374944886791084e-05,0.0007944784103043059
CHD7,1.3662796753903836,0.0005619417634049911,0.006628354294024281
ENC1,2.100224730335942,6.097623595575074e-06,0.00047692450033834973
CXCL6,2.2155370518115904,0.00011671593667274678,0.002274460361572247
PUS7,2.2013214750544936,8.722658267973596e-07,0.0002014072739492583
TFB2M,1.022663373441364,0.001662781504980217,0.01432080743155474
SUV39H1,1.0828385035358286,0.0021789384229431597,0.017536136286476236
HMMR,1.584797142122027,2.5919519831034348e-05,0.0009184033889123882
ZBED4,1.0478591290727473,0.006568863472260873,0.03974821169260891
E2F5,1.8306398292278752,8.273309180045918e-06,0.0005326699489762491
YARS2,1.0094723994972155,0.004025748574265076,0.027602518958223982
HELLS,1.1675518258391915,7.374138669724508e-05,0.0017112863783213424
TBRG4,1.4016876623800847,0.0021067224123318623,0.017137813522197332
MMP3,3.9751515528704915,7.599492745868481e-05,0.0017365555576312002
NUP210,1.4691022734308397,0.0008077328714478854,0.008571709939314796
FASN,1.986551586669057,0.0003085041795866338,0.00432028598442343
EPHB2,1.598884511903074,9.086235870862712e-06,0.0005577997939560428
SH3BP4,1.4070744382775897,0.001117058767778526,0.010722748662703143
ADAM12.2,1.372823676746438,0.0053697387941294035,0.034207714933033054
ASB9,2.2309845318618007,2.0451134511804674e-05,0.0008305520358082521
CCNA2,1.8440956568600728,9.736970865372847e-06,0.0005743724880864352
PLAGL2,1.9011059941086246,0.0008767805228070745,0.00909422941092328
SPINK1,1.6220771408449426,0.0007654826302980055,0.008264551220160163
CENPO,1.1294363761461967,1.91184823421031e-05,0.0008128462851385069
HEATR1,1.2206328980196142,0.000729108775808259,0.007994454375658782
TRIB3,3.2009902216341857,5.805701827171173e-06,0.00046092034280526624
CXCL1,3.2290840658302833,7.741286809984734e-06,0.0005264828864664633
LSM4,1.0882693604954559,0.006289105659175076,0.03844942689137748
IL11,2.1819970378280487,0.00012133024361191232,0.0023179966579360924
TTK,2.1490316728186585,1.558193696095722e-06,0.00023504238910106759
PLK4,1.9709083468805897,3.9311048015349445e-05,0.0011530148777613189
COL11A1.1,4.222163686074186,0.0006624394138740468,0.007488969776334111
NUPL2,1.0005214755213792,0.004325798305950078,0.029100256505934258
WDR74.1,1.140207456278999,0.0011156580739893956,0.010719047864653346
ALDH4A1.1,1.2711041991777001,0.00010216211254836002,0.0020905615240273904
FUT4,1.541079141851162,0.00029671133547455857,0.004222338263175019
TPX2,2.557388392718771,6.391617891529898e-06,0.0004926211190997386
RBM28,1.2625876265031304,0.0003531982801911937,0.004744809975240221
SNTB1,2.41997892956574,0.00012233563097422545,0.0023274629323546785
RASAL1,1.1002354739409606,0.002845534385710353,0.021436787150708667
SERPINB5,3.358655775336415,7.799294921772248e-05,0.0017596742538246405
KIF11,1.455240276953819,1.17986577595527e-05,0.000647745956660841
MMP9,1.9408859241086258,0.008635780418587112,0.048688753070871414
ASNS,1.0373952368103259,0.006527856299680085,0.03954540141613426
GRINA,1.1404387947018795,0.007301280180023426,0.042830120789370756
TRIP13,2.6951624393151667,2.63358837731381e-07,0.00011350123630880642
AZGP1,2.612499467663968,2.6873102639645426e-07,0.00011350123630880642
NARS2,1.0822051826494576,0.00019869184635685737,0.003247658213130119
SLC12A8,1.111151440341983,0.0015788743070464194,0.013834944437607646
MRPL17,1.1288384659466686,0.0065861125675806525,0.039802608759654814
EIF2S2,1.2294488964634902,0.0014279654541123651,0.012832244451040394
CCDC64,1.599419014524522,0.0004884921662019204,0.005990695450552935
HOXB8,3.15168786515758,0.0009880779361490942,0.009814783563309771
SRPK1,1.8451410058953277,0.00032870386827923287,0.0045429111847649474
SNRPB.1,1.3881309844668754,0.00027984588601012565,0.00407894433945818
OTUB2,1.289854078311226,0.00014100653436986853,0.002607509625939478
KIF4A,1.8342189709081564,4.048205376643877e-07,0.00014248333523994233
NOLC1,1.2716454498453118,0.00018548777459407637,0.0031237087909710567
WNT5A,1.644681730850579,7.284550739087978e-06,0.0005093878890995361
UCKL1,1.083750668216166,0.003527037320409614,0.0248845382553517
CD55,1.104412388576071,0.006978435452413079,0.041372992668180626
CEP72,1.6485684101767875,1.942400336235645e-07,0.00011350123630880642
E2F1,1.3705626273220466,0.00029170830404257633,0.004179305267823017
S100P,1.916784029752847,2.003690339062887e-05,0.0008232282603177052
IFITM1,1.6163799101676046,3.464798901820153e-05,0.0010760238707152648
CENPA,2.3072572332915295,1.1227511852754211e-07,0.00010902937886291885
PPIH,1.0789147265545178,0.002137352125297351,0.017333564586032815
CCNB2,1.716587074478571,1.4602187776937376e-05,0.0007171372127287523
FOXJ1,1.3156735548325564,0.005344985491285405,0.03412194788541874
TARBP1,1.1228699103359054,0.00045089380782379354,0.005672580739481654
SF3B3,1.3229123042041147,0.002778888242327159,0.0210792248209285
HSPE1,1.6492179240925249,0.00036313923978172205,0.004823128594786418
GNG4,2.6569258527848727,0.0001811000430895414,0.0030595765679719486
HOMER1,1.104384285277741,2.4222725249871893e-05,0.0009037729890932767
MRPS17,1.3181974865927164,0.0009705189561409519,0.009707100985317066
OXTR,1.1634262834327003,0.0029983519118317046,0.02218612322146529
PPA1,1.2229072196390671,0.000548958511775816,0.006520194517256289
NIPSNAP1,1.0080681927518456,0.005371379047160603,0.034207714933033054
TK1,1.3434562954455995,0.00012161853854499435,0.0023179966579360924
TYMS,1.1094661398626704,0.001738415802692754,0.01479124291751232
MCM3,1.1675258825159585,0.00033901895388308804,0.004624936865699647
SLC25A22,1.218307342231493,0.00032916133015041315,0.004543286908572827
STIL,1.6543447472598374,4.125021129932928e-05,0.0011706446619321371
IGF2BP3,2.076032154878252,0.007875831214860485,0.045393505348096
LAIR2,1.0038564197569637,0.0006705644730246603,0.007564626357550628
KIF14,1.8802515126103716,3.6868533806323847e-06,0.00035832848950699764
NEBL.2,3.271329007678823,4.4316213393245285e-06,0.0003835531944420303
SLC2A1,2.327551069147047,0.0008855856581516454,0.009131737269944554
LRFN4,1.1585898578768492,0.0008410078766476299,0.008836022059226192
TTF2,1.7919377520395856,4.034340366134312e-05,0.0011670849294797862
RPP40,1.5183450536900271,0.0005758399571503061,0.006740902558259516
RNASEH2A,1.6986920516973474,6.716245916355329e-06,0.0005008436448748156
PLEK2,1.4423383581957028,0.00011610025772029464,0.002274460361572247
DDC,1.0666983594658814,0.00861011063272815,0.04861719688287515
PHKA1,1.1336696117602805,0.0001252896756391187,0.0023772044920436866
RCL1,1.100023948836533,0.00011139594273035427,0.0022404376367424965
TCFL5,1.088997982112888,0.004259116441604599,0.028717758944382474
TFAP4,1.212031377196896,0.00015139971342953467,0.0027141418915152065
ICA1.2,1.640487126731372,0.00030680370274313275,0.004317510297635705
MCM5,1.0940980506367262,0.00386790577773876,0.02671106416425348
ASPM,2.344133594334169,6.901621876392708e-07,0.00018685698818674513
AGT,1.469027979586723,1.540707198848011e-05,0.0007361234078115904
CD46,1.1418798607447174,0.0009695538221986151,0.009707100985317066
SOX4,1.918484849690589,0.0002119577868536288,0.0033705757099208836
NUP107,1.0764570330908045,0.0009892643877634309,0.009817333336836528
